Chave,Tela,Versão,Página principal,Galeria de estados
login,Login,Desktop,03 — Desktop,
senha,Recuperar senha,Desktop,03 — Desktop,
setembro,Setembro Amarelo,Desktop,03 — Desktop,
inicio,Início,Desktop,03 — Desktop,
pacientes,Pacientes,Desktop,03 — Desktop,
sem-resultados,Busca sem resultados,Desktop,03 — Desktop,
cadastro,Cadastro de paciente,Desktop,03 — Desktop,
revisao-cadastro,Revisão do cadastro,Desktop,03 — Desktop,
resumo,Prontuário,Desktop,03 — Desktop,
identificacao,Identificação,Desktop,03 — Desktop,
admissao,Admissão e internação,Desktop,03 — Desktop,
triagem,Triagem,Desktop,03 — Desktop,
sinais,Sinais vitais,Desktop,03 — Desktop,
registrar-sinais,Registrar sinais vitais,Desktop,03 — Desktop,
anamnese,Anamnese,Desktop,03 — Desktop,
exame-fisico,Exame físico,Desktop,03 — Desktop,
exames,Exames solicitados,Desktop,03 — Desktop,
resultado,Resultado de exame,Desktop,03 — Desktop,
prescricao,Prescrição,Desktop,03 — Desktop,
checagem,Checagem de medicação,Desktop,03 — Desktop,
enfermagem,Anotações de enfermagem,Desktop,03 — Desktop,
nova-anotacao,Nova anotação,Desktop,03 — Desktop,
revisar-anotacao,Revisar anotação,Desktop,03 — Desktop,
historico,Histórico cronológico,Desktop,03 — Desktop,
procedimentos,Procedimentos realizados,Desktop,03 — Desktop,
cirurgias,Cirurgias,Desktop,03 — Desktop,
cirurgia,Detalhes da cirurgia,Desktop,03 — Desktop,
documentos,Documentos e anexos,Desktop,03 — Desktop,
saida,"Alta, transferência e óbito",Desktop,03 — Desktop,
alergias,Alergias e riscos,Desktop,03 — Desktop,
perfil,Perfil do profissional,Desktop,03 — Desktop,
configuracoes,Configurações,Desktop,03 — Desktop,
erro,Erro ao salvar,Desktop,03 — Desktop,05 — States
vazio,Nenhum registro,Desktop,03 — Desktop,05 — States
offline,Sem conexão,Desktop,03 — Desktop,05 — States
permissao,Sem permissão,Desktop,03 — Desktop,05 — States
sessao,Sessão expirada,Desktop,03 — Desktop,05 — States
login,Login,Mobile,04 — Mobile,
senha,Recuperar senha,Mobile,04 — Mobile,
setembro,Setembro Amarelo,Mobile,04 — Mobile,
inicio,Início,Mobile,04 — Mobile,
pacientes,Pacientes,Mobile,04 — Mobile,
sem-resultados,Busca sem resultados,Mobile,04 — Mobile,
cadastro,Cadastro de paciente,Mobile,04 — Mobile,
revisao-cadastro,Revisão do cadastro,Mobile,04 — Mobile,
resumo,Prontuário,Mobile,04 — Mobile,
identificacao,Identificação,Mobile,04 — Mobile,
admissao,Admissão e internação,Mobile,04 — Mobile,
triagem,Triagem,Mobile,04 — Mobile,
sinais,Sinais vitais,Mobile,04 — Mobile,
registrar-sinais,Registrar sinais vitais,Mobile,04 — Mobile,
anamnese,Anamnese,Mobile,04 — Mobile,
exame-fisico,Exame físico,Mobile,04 — Mobile,
exames,Exames solicitados,Mobile,04 — Mobile,
resultado,Resultado de exame,Mobile,04 — Mobile,
prescricao,Prescrição,Mobile,04 — Mobile,
checagem,Checagem de medicação,Mobile,04 — Mobile,
enfermagem,Anotações de enfermagem,Mobile,04 — Mobile,
nova-anotacao,Nova anotação,Mobile,04 — Mobile,
revisar-anotacao,Revisar anotação,Mobile,04 — Mobile,
historico,Histórico cronológico,Mobile,04 — Mobile,
procedimentos,Procedimentos realizados,Mobile,04 — Mobile,
cirurgias,Cirurgias,Mobile,04 — Mobile,
cirurgia,Detalhes da cirurgia,Mobile,04 — Mobile,
documentos,Documentos e anexos,Mobile,04 — Mobile,
saida,"Alta, transferência e óbito",Mobile,04 — Mobile,
alergias,Alergias e riscos,Mobile,04 — Mobile,
perfil,Perfil do profissional,Mobile,04 — Mobile,
configuracoes,Configurações,Mobile,04 — Mobile,
erro,Erro ao salvar,Mobile,04 — Mobile,05 — States
vazio,Nenhum registro,Mobile,04 — Mobile,05 — States
offline,Sem conexão,Mobile,04 — Mobile,05 — States
permissao,Sem permissão,Mobile,04 — Mobile,05 — States
sessao,Sessão expirada,Mobile,04 — Mobile,05 — States
mais,Mais,Mobile,04 — Mobile,
senha-enviada,Instruções de recuperação,Desktop,03 — Desktop,05 — States
rascunho-salvo,Rascunho salvo,Desktop,03 — Desktop,05 — States
revisao-sinais,Revisar sinais vitais,Desktop,03 — Desktop,05 — States
revisao-checagem,Revisar checagem,Desktop,03 — Desktop,05 — States
revisao-saida,Revisar saída hospitalar,Desktop,03 — Desktop,05 — States
senha-enviada,Instruções de recuperação,Mobile,04 — Mobile,05 — States
rascunho-salvo,Rascunho salvo,Mobile,04 — Mobile,05 — States
revisao-sinais,Revisar sinais vitais,Mobile,04 — Mobile,05 — States
revisao-checagem,Revisar checagem,Mobile,04 — Mobile,05 — States
revisao-saida,Revisar saída hospitalar,Mobile,04 — Mobile,05 — States
